{"inputUnits":[34],"outputUnits":4,"inputs":{"0":{"dtype":"number","min":234.43141120880955,"max":454.7390497704888},"1":{"dtype":"number","min":101.57570924276509,"max":590.446679972489},"2":{"dtype":"number","min":259.8745751288151,"max":484.5611833505593},"3":{"dtype":"number","min":80.7163524256606,"max":567.4301248394562},"4":{"dtype":"number","min":215.38936867324293,"max":444.4545000721972},"5":{"dtype":"number","min":84.19938618107065,"max":560.4248596072661},"6":{"dtype":"number","min":304.6182191603842,"max":509.4472091021705},"7":{"dtype":"number","min":105.64373565555083,"max":580.1224194240941},"8":{"dtype":"number","min":195.3000946638649,"max":414.1376919876277},"9":{"dtype":"number","min":98.03756417003588,"max":577.622481171723},"10":{"dtype":"number","min":377.0672666794595,"max":558.2577502773894},"11":{"dtype":"number","min":231.37819817094024,"max":636.0449864428331},"12":{"dtype":"number","min":128.70740007333717,"max":395.5784612870866},"13":{"dtype":"number","min":221.1207396510974,"max":628.8936802014302},"14":{"dtype":"number","min":384.08950271309584,"max":675.217446427401},"15":{"dtype":"number","min":190.70689160536236,"max":804.1552247518696},"16":{"dtype":"number","min":67.1192166220817,"max":353.1221892954311},"17":{"dtype":"number","min":208.40600870926556,"max":777.7607863608038},"18":{"dtype":"number","min":323.1924497849283,"max":612.6774401237992},"19":{"dtype":"number","min":70.94161274832047,"max":965.0035136775748},"20":{"dtype":"number","min":72.56712917223979,"max":430.02348547315785},"21":{"dtype":"number","min":96.70934773604694,"max":935.0334197166829},"22":{"dtype":"number","min":327.3082142395732,"max":514.7961713738943},"23":{"dtype":"number","min":519.5303404099283,"max":1029.922592816186},"24":{"dtype":"number","min":185.5005571536053,"max":385.6451344768361},"25":{"dtype":"number","min":519.4315845771522,"max":997.4623909441877},"26":{"dtype":"number","min":332.1306779319674,"max":595.7867592689129},"27":{"dtype":"number","min":741.2840775664215,"max":1158.7819591477687},"28":{"dtype":"number","min":138.40019493251458,"max":360.6318459714897},"29":{"dtype":"number","min":704.2618462826027,"max":1138.874765833992},"30":{"dtype":"number","min":312.00131189962303,"max":558.8985220467534},"31":{"dtype":"number","min":778.414016901751,"max":1306.1106593506809},"32":{"dtype":"number","min":172.05549544397496,"max":436.6668772419139},"33":{"dtype":"number","min":745.7358797422179,"max":1304.912812348006}},"outputs":{"0":{"dtype":"string","min":0,"max":1,"uniqueValues":["No Pose","Tree Pose","Goddess Pose","Meditation"],"legend":{"No Pose":[1,0,0,0],"Tree Pose":[0,1,0,0],"Goddess Pose":[0,0,1,0],"Meditation":[0,0,0,1]}}},"isNormalized":true}
