{"inputUnits":[42],"outputUnits":4,"inputs":{"0":{"dtype":"number","min":103.793068040622,"max":566.5606068183744},"1":{"dtype":"number","min":143.2297625305735,"max":457.54835279564116},"2":{"dtype":"number","min":135.93630466731796,"max":554.1727843324463},"3":{"dtype":"number","min":111.37647476826227,"max":421.1932295675192},"4":{"dtype":"number","min":148.3108776910778,"max":584.4823473075987},"5":{"dtype":"number","min":93.48018367554609,"max":360.29622890620846},"6":{"dtype":"number","min":107.50667058341358,"max":596.2385537998072},"7":{"dtype":"number","min":81.27847015963772,"max":335.1214344812596},"8":{"dtype":"number","min":47.892351673521674,"max":601.1217678251389},"9":{"dtype":"number","min":38.014871530458606,"max":330.5939617033813},"10":{"dtype":"number","min":136.4310319718847,"max":548.9986622758539},"11":{"dtype":"number","min":95.23925560161331,"max":372.42225598129403},"12":{"dtype":"number","min":138.8153617460635,"max":550.2312166328724},"13":{"dtype":"number","min":62.20751877924462,"max":379.8606567474704},"14":{"dtype":"number","min":133.15321179701385,"max":548.7264463393414},"15":{"dtype":"number","min":51.99628689466374,"max":384.0591336490634},"16":{"dtype":"number","min":127.83198610325593,"max":547.8901112686706},"17":{"dtype":"number","min":7.612800708158346,"max":385.8803122590737},"18":{"dtype":"number","min":102.95740411060777,"max":563.3684495667206},"19":{"dtype":"number","min":110.748915223599,"max":399.2937206628297},"20":{"dtype":"number","min":101.60795023857031,"max":568.7744258846344},"21":{"dtype":"number","min":84.21334670908819,"max":405.1832013555816},"22":{"dtype":"number","min":83.7967528963525,"max":562.8396250623274},"23":{"dtype":"number","min":53.3983631458226,"max":404.6832308847754},"24":{"dtype":"number","min":71.79519159945266,"max":558.2384873146559},"25":{"dtype":"number","min":26.546013569354713,"max":404.02355818662227},"26":{"dtype":"number","min":56.518256148965506,"max":591.7126135326924},"27":{"dtype":"number","min":116.88312772527735,"max":421.3598577895342},"28":{"dtype":"number","min":61.138812899760936,"max":596.7761950956069},"29":{"dtype":"number","min":90.11178933420814,"max":421.5869514006606},"30":{"dtype":"number","min":69.39910669838629,"max":580.6661412696551},"31":{"dtype":"number","min":62.577197019364654,"max":419.9625303826009},"32":{"dtype":"number","min":59.95382347326878,"max":574.9705865871754},"33":{"dtype":"number","min":36.7431011807961,"max":418.08276995091853},"34":{"dtype":"number","min":17.625803743504747,"max":616.4888418378954},"35":{"dtype":"number","min":123.78801839904261,"max":438.6384391133431},"36":{"dtype":"number","min":28.065661169455865,"max":616.3833594347062},"37":{"dtype":"number","min":101.38952367115473,"max":434.8384509225201},"38":{"dtype":"number","min":40.44387911736679,"max":597.1690604929142},"39":{"dtype":"number","min":87.34885831513034,"max":433.69416936785194},"40":{"dtype":"number","min":37.34825593944524,"max":586.9136182290077},"41":{"dtype":"number","min":67.22420369951598,"max":430.0381254342692}},"outputs":{"0":{"dtype":"string","min":0,"max":1,"uniqueValues":["Abhay Pose","Gyaan Pose","No pose","Tarjaani Pose"],"legend":{"Abhay Pose":[1,0,0,0],"Gyaan Pose":[0,1,0,0],"No pose":[0,0,1,0],"Tarjaani Pose":[0,0,0,1]}}},"isNormalized":true}
